{"0": {
  "instructions": [
    {"temp$0 = <java.lang.System: java.io.PrintStream out>": {
      "eline": 23,
      "epos": 74,
      "spos": 3,
      "sline": 23
    }},
    {"temp$1 = new java.lang.StringBuffer": {
      "eline": 23,
      "epos": 74,
      "spos": 3,
      "sline": 23
    }},
    {"specialinvoke temp$1.<java.lang.StringBuffer: void <init>()>()": {
      "eline": 23,
      "epos": 39,
      "spos": 22,
      "sline": 23
    }},
    {"temp$2 = this.<Date: Month m>": {
      "eline": 23,
      "epos": 22,
      "spos": 22,
      "sline": 23
    }},
    {"temp$3 = virtualinvoke temp$2.<Month: int getMonth()>()": {
      "eline": 23,
      "epos": 22,
      "spos": 22,
      "sline": 23
    }},
    {"virtualinvoke temp$1.<java.lang.StringBuffer: java.lang.StringBuffer append(int)>(temp$3)": {
      "eline": 23,
      "epos": 22,
      "spos": 22,
      "sline": 23
    }},
    {"virtualinvoke temp$1.<java.lang.StringBuffer: java.lang.StringBuffer append(java.lang.Object)>(\"/\")": {
      "eline": 23,
      "epos": 39,
      "spos": 22,
      "sline": 23
    }},
    {"temp$4 = this.<Date: Day d>": {
      "eline": 23,
      "epos": 43,
      "spos": 43,
      "sline": 23
    }},
    {"temp$5 = virtualinvoke temp$4.<Day: int getDay()>()": {
      "eline": 23,
      "epos": 43,
      "spos": 43,
      "sline": 23
    }},
    {"virtualinvoke temp$1.<java.lang.StringBuffer: java.lang.StringBuffer append(int)>(temp$5)": {
      "eline": 23,
      "epos": 43,
      "spos": 43,
      "sline": 23
    }},
    {"virtualinvoke temp$1.<java.lang.StringBuffer: java.lang.StringBuffer append(java.lang.Object)>(\"/\")": {
      "eline": 23,
      "epos": 58,
      "spos": 22,
      "sline": 23
    }},
    {"temp$6 = this.<Date: Year y>": {
      "eline": 23,
      "epos": 62,
      "spos": 62,
      "sline": 23
    }},
    {"temp$7 = virtualinvoke temp$6.<Year: int getYear()>()": {
      "eline": 23,
      "epos": 62,
      "spos": 62,
      "sline": 23
    }},
    {"virtualinvoke temp$1.<java.lang.StringBuffer: java.lang.StringBuffer append(int)>(temp$7)": {
      "eline": 23,
      "epos": 62,
      "spos": 62,
      "sline": 23
    }},
    {"temp$8 = virtualinvoke temp$1.<java.lang.StringBuffer: java.lang.String toString()>()": {
      "eline": 23,
      "epos": 62,
      "spos": 62,
      "sline": 23
    }},
    {"virtualinvoke temp$0.<java.io.PrintStream: void println(java.lang.String)>(temp$8)": {
      "eline": 23,
      "epos": 62,
      "spos": 62,
      "sline": 23
    }},
    {"return": {
      "eline": 23,
      "epos": 62,
      "spos": 62,
      "sline": 23
    }}
  ],
  "preds": [],
  "succs": []
}}