{"0": {
  "instructions": [
    {"specialinvoke this.<CalendarUnit: void <init>()>()": {}},
    {"temp$0 = newarray (int)[12]": {}},
    {"temp$0[0] = 31": {
      "eline": 3,
      "epos": 77,
      "spos": 28,
      "sline": 3
    }},
    {"temp$0[1] = 28": {
      "eline": 3,
      "epos": 77,
      "spos": 28,
      "sline": 3
    }},
    {"temp$0[2] = 31": {
      "eline": 3,
      "epos": 77,
      "spos": 28,
      "sline": 3
    }},
    {"temp$0[3] = 30": {
      "eline": 3,
      "epos": 77,
      "spos": 28,
      "sline": 3
    }},
    {"temp$0[4] = 31": {
      "eline": 3,
      "epos": 77,
      "spos": 28,
      "sline": 3
    }},
    {"temp$0[5] = 30": {
      "eline": 3,
      "epos": 77,
      "spos": 28,
      "sline": 3
    }},
    {"temp$0[6] = 31": {
      "eline": 3,
      "epos": 77,
      "spos": 28,
      "sline": 3
    }},
    {"temp$0[7] = 31": {
      "eline": 3,
      "epos": 77,
      "spos": 28,
      "sline": 3
    }},
    {"temp$0[8] = 30": {
      "eline": 3,
      "epos": 77,
      "spos": 28,
      "sline": 3
    }},
    {"temp$0[9] = 31": {
      "eline": 3,
      "epos": 77,
      "spos": 28,
      "sline": 3
    }},
    {"temp$0[10] = 30": {
      "eline": 3,
      "epos": 77,
      "spos": 28,
      "sline": 3
    }},
    {"temp$0[11] = 31": {
      "eline": 3,
      "epos": 77,
      "spos": 28,
      "sline": 3
    }},
    {"this.<Month: int[] sizeIndex> = temp$0": {
      "eline": 3,
      "epos": 78,
      "spos": 2,
      "sline": 3
    }},
    {"virtualinvoke this.<Month: void setMonth(int,Year)>(pMonth, y)": {
      "eline": 6,
      "epos": 21,
      "spos": 3,
      "sline": 6
    }},
    {"return": {
      "eline": 6,
      "epos": 21,
      "spos": 3,
      "sline": 6
    }}
  ],
  "preds": [],
  "succs": []
}}