{
  "temp$15": {"15": [15]},
  "temp$16": {"15": [15]},
  "temp$17": {"15": [15]},
  "temp$18": {"17": [17]},
  "temp$11": {"11": [11]},
  "temp$12": {"13": [13]},
  "temp$13": {"13": [13]},
  "temp$14": {"13": [13]},
  "temp$19": {"18": [18]},
  "temp$1": {"2": [2]},
  "temp$0": {"0": [0]},
  "temp$3": {"4": [4]},
  "temp$2": {"2": [2]},
  "temp$5": {"6": [6]},
  "temp$4": {"4": [4]},
  "temp$7": {"8": [8]},
  "temp$6": {"6": [6]},
  "temp$9": {"11": [11]},
  "temp$8": {"9": [9]},
  "temp$10": {"11": [11]},
  "this": {
    "2": [0],
    "0": [0],
    "6": [0],
    "4": [0],
    "15": [0],
    "9": [0],
    "13": [0],
    "11": [0]
  }
}