{"classes":[{"testCases":[{"success":"1","methodName":"testIsTriangle6"},{"success":"1","methodName":"testIsTriangle1"},{"success":"1","methodName":"testIsTriangle2"},{"success":"1","methodName":"testIsTriangle7"},{"success":"1","methodName":"testIsTriangle5"},{"success":"1","methodName":"testIsTriangle3"},{"success":"1","methodName":"testIsTriangle4"},{"failureMessage":"expected:<I[llegal]> but was:<I[soceles]>","success":"0","methodName":"testType2"},{"failureMessage":"expected:<I[llegal]> but was:<I[soceles]>","success":"0","methodName":"testType4"},{"failureMessage":"expected:<[Illegal]> but was:<[Scalene]>","success":"0","methodName":"testType1"},{"failureMessage":"expected:<[Illegal]> but was:<[Regular]>","success":"0","methodName":"testType3"}],"className":"TestTriangle"}],"totalNum":11,"proName":"Triangle","successNum":7,"failureNum":4}