{
  "temp$15": {"12": [12]},
  "temp$16": {"12": [12]},
  "temp$17": {"14": [14]},
  "temp$18": {"14": [14]},
  "temp$11": {"10": [10]},
  "temp$12": {"12": [12]},
  "temp$13": {"12": [12]},
  "temp$14": {"12": [12]},
  "temp$19": {"14": [14]},
  "isTriangle": {"19": [
    0,
    18
  ]},
  "temp$10": {"10": [10]},
  "temp$20": {"14": [14]},
  "temp$21": {"14": [14]},
  "temp$1": {"0": [0]},
  "temp$0": {"0": [0]},
  "temp$3": {"2": [2]},
  "temp$2": {"2": [2]},
  "temp$5": {"4": [4]},
  "triangle": {
    "2": [0],
    "10": [0],
    "0": [0],
    "6": [0],
    "4": [0],
    "16": [0],
    "8": [0],
    "14": [0],
    "12": [0]
  },
  "temp$4": {"4": [4]},
  "temp$7": {"6": [6]},
  "temp$6": {"6": [6]},
  "temp$23": {"16": [16]},
  "temp$9": {"8": [8]},
  "temp$22": {"16": [16]},
  "temp$8": {"8": [8]},
  "temp$25": {"16": [16]},
  "temp$24": {"16": [16]},
  "temp$27": {"18": [18]},
  "temp$26": {"16": [16]},
  "this": {
    "16": [0],
    "14": [0],
    "12": [0]
  }
}