{
  "temp$15": {"11": [11]},
  "temp$16": {"11": [11]},
  "temp$17": {"13": [13]},
  "temp$18": {"14": [14]},
  "temp$11": {"9": [9]},
  "temp$12": {"9": [9]},
  "temp$13": {"9": [9]},
  "temp$14": {"11": [11]},
  "temp$1": {"2": [2]},
  "temp$0": {"0": [0]},
  "temp$3": {"2": [2]},
  "temp$2": {"2": [2]},
  "triangle": {
    "2": [0],
    "0": [0],
    "7": [0],
    "4": [0],
    "9": [0],
    "11": [0]
  },
  "temp$5": {"4": [4]},
  "temp$4": {"4": [4]},
  "temp$7": {"6": [6]},
  "temp$6": {"4": [4]},
  "temp$9": {"7": [7]},
  "temp$8": {"7": [7]},
  "temp$10": {"7": [7]},
  "strType": {"15": [
    0,
    6,
    13,
    14
  ]},
  "this": {"0": [0]}
}